path	length	sha256
__pycache__\exact_check.cpython-313.pyc	23538	738ea102f41b2f10dc0a285ca769be11f36e229ab87aeb9d441a37e15e07deaa
__pycache__\test_exact_check.cpython-313.pyc	6937	6e69c6f68220b945641de276e6a05bb7f824637430bd278e73d77b6a56992cd8
derivation.md	8901	780b669070e3e3a1a2ef529fc68dca8bd034848fb861077fb8cb314bc8d0a72b
exact_check.py	18314	21e49d016eed05930511c88b5394597c7c2ae0b330669cb663d2d28e40026e3c
exact-results.json	11130	4705432e0f996df0bf81d3cbf1e12970c0cef86501c03de3cc37915e3900cad6
failed-routes.md	2162	62e80a93fbf14f92d031d3d9fbb1fd47b9fc6c60114c438e31bdf5e465f0189f
hostile-controls.md	2789	a0500ad98b5753b8d9f898ec1a3721d29a9983decbf98354bd2b0754f037ddff
input-freeze.sha256	257	e562925b61d77d7010fc2aef4fd754f0b52fc22804951c809a2744abda053432
package-manifest.sha256	1183	51d3e709308851ba9c9c63a8897dec4c761ce11e5126633e0cdf67f6e470cba7
protocol.md	2173	5cd149d9a7388ac2a47fc3c7a73b0b291d827a144d48376dcd6bcb648d6bd7fe
README.md	1731	b7667a036dbdaf8c32c09490eacf625cb941fd5136a2912a8936d0ff6267124c
run-report.yaml	1605	7dd3d6eb12668321a5c3a8149397ac5ea81967cbbae5633c08691772c0678aaa
test_exact_check.py	3296	51047d42ff1730c349b1031e32bf8fb011142c52b0454dd4105db44e865bf87f
