path	size_bytes	sha256
__pycache__/exact_check.cpython-313.pyc	16097	59b2d0f891cd732da24c329a95d8587900236b02fd837b69845c3710f3a13eb1
__pycache__/test_exact_check.cpython-313.pyc	9655	5c8fb89b56a81e2d541ace57adff8544619e20dbe2ea413194b997530160cb44
derivation.md	10939	befdaf561b442a68f52ff878e72ed31cf2ff58ab9f07075e0e624bcb00b8dd95
exact_check.py	14006	e10e7787f6f3fd404d4f43be77bf6cfebb509a4dbe4348f299d37e8a63d55091
exact-results.json	15412	dab883b36baebd8f149432d3bf0700a875d851b0627bc31d40cbd1f7b4afa9cb
failed-routes.md	2059	ccd280daeecde0871e64614048675b1c8f5742d4a56cef294e69b7127882e485
hostile-controls.md	3789	0f0f24ee8601bf4260be9ecf5660b38c3e1980d379ded4a437f11bef0ec563dd
input-freeze.sha256	400	fb0830fe1c2fc6f85d0f0b29d96e76172e99fbab9ee312bd13fe1c603408e5b1
package-manifest.sha256	1193	6edc7a5eb2f4a913f9e6af4936984246a75cef8f562167b3d7a99d1a26bbec35
protocol.md	1765	34bdce36060d66f9e1813e1dd866e035d6576f338c8f21a14a5cef66914416e2
README.md	1914	fb9bab139a5d0da389cba10f4773904a7882efa7f7ed9e330663b528893f400e
run-report.yaml	2179	2feb2e422ba349031d9b2efa76e5ebd311d70079c7579336beb4cf9900d02b07
test_exact_check.py	5758	4bebbceddee3aa50a7da0dd50ca762d4fae10f32dec301285aa458d69d045b78
