sha256	size	path
bd12436318f4252f5ec54d9c6301bbee85b0bef15e75480bae8b2dfa25f63340	8273	attempts/wave124-c4-index70-jacobi/derivation.md
fae5533652c5438a691229cee7de92d08125fe9bb952f6e758e057c557b1dec5	25283	attempts/wave124-c4-index70-jacobi/exact_check.py
2bea6c057bfec1e64ae1ae4cda5da32fdc736bbee6030222237b1a5621a5cfb5	38002	attempts/wave124-c4-index70-jacobi/exact-results.json
e7a4b9fe6663e9f0d128eb54e9009fa72ba8e535df016c1f18711ac9a8a0d416	1713	attempts/wave124-c4-index70-jacobi/failed-routes.md
1215a4653bf9ca76067e453f4baf1e11f83b8bac430ef60f565fd51d819643ec	528	attempts/wave124-c4-index70-jacobi/input-freeze.sha256
95a4513a67cde2e854458bb88d213613b3b09be4ef21ea7e7bc869cd683d2c39	1256	attempts/wave124-c4-index70-jacobi/literature-freeze.md
fbdaa5071229c921fdf652a91eaa895f57ce1d31f726cb4f465f0356a6dfec55	909	attempts/wave124-c4-index70-jacobi/package-manifest.sha256
a4722bccc9d0db84be3316902719b12453e8536666e93ee8534c394510082693	1334	attempts/wave124-c4-index70-jacobi/protocol.md
90a893188678442a486457e6b473afcf2a2524efc73d717c820cda376a094af4	2058	attempts/wave124-c4-index70-jacobi/README.md
9beafcb294a29d861ec18dafccb7e5b3e404a96e36197760afc6fdccf8c9ef85	2146	attempts/wave124-c4-index70-jacobi/run-report.yaml
f339b426663c63b8daefd7602e4cc5f190a814964d5378c6e840b9f931bfe961	1444	attempts/wave124-c4-index70-jacobi/seal_checkpoint.py
cb88b1c839f997211449102fe41471213b4674d892c83d014f01d98765cde5dc	5339	attempts/wave124-c4-index70-jacobi/test_exact_check.py
