sha256	bytes	path
c2a5264857ac34eb472d26a0881d02f0d732e595ad6c08def7f29aaa82ecf429	3402	attempts/wave90-short-vector-count-upper/derivation.md
8719c3be39efa5eeded8ed4e786fc210942f4ed4d0acfced01ba3123c91ab2c8	8334	attempts/wave90-short-vector-count-upper/exact_check.py
06d4cc40516af4ff8bbc441e3e43ff8942751e655f725837a163ddbaab9cf6c1	4555	attempts/wave90-short-vector-count-upper/exact-results.json
15663c8b9a5c46d4b6041c1ab623553b11282c3829fe37c3f63c420b6aa3af56	1325	attempts/wave90-short-vector-count-upper/failed-routes.md
280bc511efb4b38ee1a28ac84dbbbe6c4127ae69b623a3e4e39927baaaf4360f	269	attempts/wave90-short-vector-count-upper/input-freeze.sha256
f7dda4995714a4216c8a8c00738d8da070ff4f485fb7ddd4596921b309482f88	1230	attempts/wave90-short-vector-count-upper/package-manifest.sha256
dbc2e300516a0112e49c716b6ba7aa82542a8ee7a3b293e27e3d29fe8349285f	1248	attempts/wave90-short-vector-count-upper/protocol.md
845e24d39e071e10bbc5ee611849362b9b6489701bad82e552a6578f1ce93ea0	821	attempts/wave90-short-vector-count-upper/README.md
62899efc85ef123484dd974d5a6094326b95f6ab8fdc9cdae0d74b4f665993f2	1592	attempts/wave90-short-vector-count-upper/run-report.yaml
710b7c6c938cbc4620934c91b122d87f648474cfc35669bfe42e25d108e24195	2445	attempts/wave90-short-vector-count-upper/test_exact_check.py
7243a67cda859448ebd792b146419eff1b74205eed22b4ef7216dade65d237fb	379	attempts/wave90-short-vector-count-upper/test-results.txt
