# frozen_utc	2026-07-23T19:01:42Z
# git_commit	121a2fda5d9d36d8a16825f2a29d0765d1285eb1
# sha256	bytes	path
8075166af8bb0b9388888ade55826245441554396318ad8101b617d6aed66112	6510	agents/2026-07-23-wave22-full-seven-deck.md
e225a535a5766d1bf2a325e7bdc649b5c686627fdf0ae02fe6d3c4acbeb549e6	4328	attempts/wave22-full-seven-deck/discover_milp.py
e54f6ea9bac5fcc20d0583316051320dfe0dd7247657cf64e7515990a8438a5b	23499	attempts/wave22-full-seven-deck/exact_check.py
ca5d9d116f6a9d6e355600429652e2bf4474b73dcf281bbcb564420d820acbd2	9659	attempts/wave22-full-seven-deck/exact-results.json
f71baddb9d13a9f0ef8c58feedf9014c67ca36e937f63fa33e9452371abb3cf7	1967	attempts/wave22-full-seven-deck/failed-routes.md
738379c5842290424dd81c5d16bddd0389cd43eaacde82a03fd834e0d08189b4	3107	attempts/wave22-full-seven-deck/failed-runs.md
accf77fcce24edf3449eca00866c82d6cc42c0a518222f364bc997c1bf62fc4e	1730	attempts/wave22-full-seven-deck/manifest.json
12999467997b3537baa9094f730f671a289b18098ae439050c18ce335fa85ebb	3124	attempts/wave22-full-seven-deck/run-report.yaml
5789a8707958fc3bfdde21f70ba1fdafadcd53a3b141cccff78fd5f569110f3a	4127	attempts/wave22-full-seven-deck/test_exact_check.py
d74453faa91e42abbe2343d428296818ae051be579305277eff6f113fe66c47d	13759	attempts/wave22-full-seven-deck/witness.json
