sha256	length	path
ddf396a72abd849d81a670835fca3c52703f9eff2c62bfc0d1a18a25896dce2a	4363	attempts/wave101-all-rank-level7-lp/alternative-strategies.md
f29b01c8f528afdfe329d73c3dfa6343c4bf4d5af25a0315f6e08a5201a31aac	4504	attempts/wave101-all-rank-level7-lp/derivation.md
d0cf4d2ff82ffaa0ed33de735f38aeead35a0895642399be80a24f0f908fb782	104015	attempts/wave101-all-rank-level7-lp/exact-results.json
aec6d9936bc69c766213d19246022f5166503f474616f38b74796cff7348412b	23108	attempts/wave101-all-rank-level7-lp/exact_lp.py
1b053d73e6558e6dd59a2273dcde57ed9509f0d106fbac637dddb7af23a89453	1355	attempts/wave101-all-rank-level7-lp/failed-routes.md
d309f6b60b459881e804263756b94887f1ba667be0042fd2d86d9e146055aa22	1086	attempts/wave101-all-rank-level7-lp/hostile-controls.md
87a0fb0a558710986453b09eb4f0801ccf0ef1660270370d9078867c3375eb40	1465	attempts/wave101-all-rank-level7-lp/input-freeze.sha256
54d620a8644d7efe5d2e418869b035331127862c2125ef3da325272417307619	1305	attempts/wave101-all-rank-level7-lp/package-manifest.sha256
414232c69daaba3b56b886c3abd557acf1eef2ece29ca2aed03f76fe1af3195a	1039	attempts/wave101-all-rank-level7-lp/protocol.md
7b6db4102a8774abff516b7035c39bf427c800b2b55bae8b66f941638f126196	1634	attempts/wave101-all-rank-level7-lp/README.md
418daa2020026f6b5d1fd4012fa37066e1020c045d76c65c947859447be0f5f7	2070	attempts/wave101-all-rank-level7-lp/run-report.yaml
74502eb0396cc8f5d8eab765e49ba8db50aa7cdac3c654bd35ae13179d6778e9	5761	attempts/wave101-all-rank-level7-lp/test_exact_lp.py
